org_id,n_users
org_TMeReGZVohtgp3gK,10
org_NkedlMckrfREmYIw,8
org_N5hucAl3fcBBx6Q4,5
org_d2ZQkcwtFVNBdQWR,3
org_OE02AERKTn6IHyy4,3
org_OCzu2Hbum2OGmVOi,2
org_y1icZphdYBwDmTii,2
org_1jdXWL9ebrUv6vKw,2
dev_org,1
org_bntKPbqSTrtQIhpe,1
org_bmqkfiBbkp2nMyTQ,1
org_a1jFmOmjBSH3xIp5,1
org_ZvWfwSThANqZ8VHj,1
org_ZkBJWXJbHhds5dGO,1
org_e30NrlJPwOgqk6gu,1
org_Yf3l8QNqIIXWoHGQ,1
org_YSfuaKvEDKwHdkzm,1
org_XKfmaJgKNfCCVQ60,1
org_WpJYbWwOLtdLyaFy,1
org_W79Rb5eaBf3pCZ0A,1
org_VpICKY6oVUQcEY1C,1
org_dS7EjYWIyQ8Q1FBh,1
org_gtIlXPRMfDFEjqto,1
org_fwUGPARQPKk5PDxT,1
org_Utj3gclxeg9LD967,1
org_wBo5JoB1J3C7nWNL,1
org_vqUhhfB7kurf8oe8,1
org_uTYpUxI5UnDkM1ce,1
org_sDaCWiWl3e0mAsKH,1
org_qZSpyql49SB8IGdx,1
org_qCOzhVUEsxtQvrxo,1
org_q4CKyxseTOyKsmOU,1
org_q1IxvXNyGS3kV45y,1
org_paKUf2S5alRGRj5x,1
org_o1uARtEDPjVE1rpl,1
org_nuLEtZ6CJcWIHloD,1
org_m2rwWtCItsTkKVDP,1
org_kYSouGNax4Fx0ZPl,1
org_kPjj78SrEbt70S9K,1
org_kAnzcNtmwO9v1lrB,1
org_iGmH7zGYOUIu1vHI,1
org_hiSHgwa7fo377QJG,1
org_VF887lOpIMfaew4x,1
org_SHco4eOH3URhZmzh,1
org_UVwYn33Vel8nZ0cZ,1
org_GRW2pyBoXj1CnQei,1
org_FOQ8IO6JBc1XUdBG,1
org_EvrYwTLU0snitb0X,1
org_DMvBoC8rMIxeOHzZ,1
org_CtaCUE08bnCLa76L,1
org_ACWd0u67Y4KqSIyJ,1
org_9FR5noJNiuXZVNXJ,1
org_8bXh3IaHGLI3QnGd,1
org_6KY7V7g8BJUF3DOw,1
org_5ODms9uTmDXd9LTG,1
org_4uLGbnEEtDksQaAi,1
org_4l6WyBqdmGZZXnPA,1
org_4Cou0FPKpH7kdCn1,1
org_2Rmm0zoILKD3oXuT,1
org_21o0WXm48NiJnprk,1
org_0cXLOqsXdXU0TyWF,1
org_GMHmXZ1q1o5rqFBh,1
org_GWTKCtocLy1kcRJ1,1
org_U1llPgQmFpzyYoSM,1
org_GWtOT7LMDKWCWT9T,1
org_0EOwKcUKoXBpj3b8,1
org_R5ctymTlgxOsSYTe,1
org_QzUqrYrfhr2mmDse,1
org_QFEeq9PHnKceNrhW,1
org_PubsDoFhhHl6NxEf,1
org_PT8fT3zjZA9HDKpU,1
org_P6LFzvDl9UvJHE6k,1
org_O9UaqOTkks1r1x7G,1
org_NSIPQjvzeevcWvwl,1
org_MRT1JXMRBGWqVlib,1
org_M4yCKmBYagDwNe87,1
org_KyQMGhIOI8cKUk6p,1
org_JHM0DQ02EASe5fKY,1
org_JCpJ0r5Uu9Vbijje,1
org_IuJbVYoQOs5sCvwQ,1
org_zXu9GLy9854upbIN,1
